NTA,Total_Job_created,Avg_saving
Bushwick South,10.0,26140.455000000005
College Point,2.0,17159.372857142855
East New York,15.0,48433.09333333333
Hunts Point,12.0,39246.016153846154
Maspeth,10.0,6658.283333333334
Mott Haven-Port Morris,10.0,17843.937857142857
Steinway,20.0,11227.155714285715
Whitestone,10.0,62038.306666666664
